3642452,小川 香織,栃木県国立市戸山9丁目8番11号
1464029,山下 陽一,兵庫県西多摩郡檜原村月島22丁目10番1号
7851055,中村 明美,長崎県印旛郡本埜村西小来川15丁目9番12号 湯本塩原クレスト391
1147411,村上 花子,秋田県西東京市三ノ輪35丁目26番19号 権現堂クレスト736
5526966,藤井 稔,富山県横浜市旭区山中新田20丁目1番7号 横林ハイツ386
4456938,伊藤 七夏,愛媛県香取郡神崎町皇居外苑39丁目13番10号 コーポ京橋099
0009475,岡田 零,長崎県昭島市竜泉28丁目2番19号 芝大門シャルム461
6653366,佐藤 陽一,和歌山県川崎市川崎区入谷19丁目4番13号 パーク中宮祠031
1575574,藤田 直樹,岡山県横浜市鶴見区湯宮41丁目27番6号 コート虎ノ門403
0370189,山田 太郎,栃木県横浜市泉区白金42丁目16番8号 ハイツ細野523
2477786,加藤 浩,岡山県横浜市神奈川区氏家3丁目8番14号 猿楽町パーク040
1862247,小林 加奈,長野県長生郡長南町筑土八幡町39丁目9番9号
1593576,小川 晃,熊本県練馬区上広谷28丁目18番19号
2548978,池田 零,宮崎県立川市五味ヶ谷21丁目9番10号 脚折コーポ049
7068074,吉田 直樹,東京都香取市丸の内22丁目6番19号
2874075,田中 くみ子,熊本県町田市平須賀2丁目26番9号
8074612,村上 稔,千葉県安房郡鋸南町独鈷沢14丁目15番10号 ハイツ卯の里767
6164538,藤原 陽子,徳島県西多摩郡檜原村東上野29丁目27番6号 パレス西浅草761
3682516,林 涼平,秋田県神津島村湯宮30丁目12番19号 東神田シティ586
7867249,林 直樹,栃木県四街道市外国府間24丁目10番6号 パーク津久戸町521
6576726,鈴木 陽子,青森県横浜市緑区湯宮35丁目13番1号 シャルム六番町395
2147186,長谷川 里佳,埼玉県印西市東浅草31丁目21番19号
9439001,林 加奈,富山県長生郡一宮町千塚17丁目24番3号 三筋アーバン130
6359796,山本 千代,千葉県長生郡長柄町上広谷16丁目9番4号 パーク土沢267
2241168,高橋 千代,熊本県印旛郡酒々井町中小来川9丁目16番1号
3524234,前田 聡太郎,岐阜県武蔵村山市渡辺34丁目26番3号 パレス上吉羽624
2360008,前田 裕太,宮城県山武郡芝山町箪笥町18丁目23番11号
9687643,前田 晃,北海道練馬区脚折40丁目12番6号 土沢シティ092
8126250,佐藤 稔,群馬県豊島区二つ室2丁目19番3号 コート権現堂739
6019792,高橋 充,大分県横浜市港南区氏家3丁目4番13号 コート南郷屋389
1149710,岡本 健一,長崎県川崎市幸区山中新田33丁目4番7号
5678066,遠藤 千代,山形県国分寺市日比谷公園30丁目8番18号 シティ外神田242
5420140,中島 明美,長崎県西多摩郡瑞穂町浅草橋27丁目26番4号
7701908,山田 篤司,石川県日野市所野4丁目18番10号 アーバン東三島113
2585270,斎藤 晃,愛媛県横浜市保土ケ谷区中三依41丁目2番14号 パーク白金666
1327304,三浦 京助,愛媛県横浜市旭区土沢31丁目11番1号 クレスト押上583
0454940,佐藤 裕樹,青森県香取市百村13丁目6番3号
5508726,中村 明美,愛知県四街道市津久戸町39丁目7番13号 クレスト太田ヶ谷393
1289238,藤井 淳,長野県西東京市秋葉原30丁目17番3号 アーバン東三島390
4338628,小林 洋介,岡山県南房総市南赤田29丁目14番9号
3308218,斎藤 翼,福岡県横浜市港北区今戸14丁目20番12号 幸手コート152
5665583,石井 千代,埼玉県墨田区花川戸17丁目5番7号 丸の内シティ589
5332985,藤井 翔太,石川県御蔵島村隼町8丁目15番15号
2892119,山本 篤司,青森県長生郡長柄町長間5丁目9番11号
3482695,橋本 学,山形県横浜市栄区卯の里20丁目20番1号 コート権現堂163
2850991,佐々木 くみ子,大分県西多摩郡日の出町湯宮11丁目1番5号 クレスト山中新田839
7838616,佐藤 翔太,熊本県川崎市多摩区渡辺10丁目10番20号 中宮祠アーバン877
5423103,鈴木 陽一,富山県印旛郡本埜村松が谷12丁目8番9号 豊町シャルム934
2094014,中島 春香,神奈川県横浜市磯子区虎ノ門26丁目4番14号 月島パーク388
5254522,佐々木 治,大分県長生郡長南町六番町38丁目12番2号
2910334,高橋 里佳,広島県浦安市前弥六南町10丁目22番7号 シャルム千束539
7980779,橋本 くみ子,兵庫県富津市虎ノ門35丁目27番13号
5468216,山田 裕美子,和歌山県我孫子市西神田6丁目21番4号 竜泉アーバン190
2006543,鈴木 知実,鳥取県安房郡鋸南町浅草橋39丁目18番11号 北上野パレス850
1466505,岡田 裕美子,栃木県八丈島八丈町箪笥町6丁目9番17号 美原町パーク265
3128354,渡辺 太一,埼玉県山武郡横芝光町中鉢石町38丁目16番15号 柿木沢新田パーク550
5320533,山下 零,山口県香取郡東庄町丹勢10丁目18番20号
0294092,山口 太一,栃木県町田市細野13丁目5番19号
5337866,鈴木 千代,佐賀県新宿区前弥六南町23丁目17番20号 浅草パーク836
8622639,斎藤 直子,群馬県印旛郡栄町脚折町40丁目24番6号 パーク丸の内202
0699176,福田 直子,埼玉県墨田区中川崎11丁目17番5号 パレス上吉羽109
1432325,伊藤 直子,兵庫県鴨川市虎ノ門16丁目27番2号
9719490,吉田 太郎,宮崎県大島町細竹19丁目14番5号
7061474,阿部 あすか,長崎県夷隅郡大多喜町日比谷公園1丁目1番12号 鍛冶ケ沢シティ647
2709131,村上 智也,神奈川県川崎市多摩区入谷14丁目17番13号 戸島コート713
1287799,中村 智也,大阪府君津市北青山3丁目20番6号
5506711,斎藤 明美,群馬県鎌ケ谷市細竹19丁目4番6号 クレスト小入133
1578819,伊藤 知実,秋田県長生郡睦沢町神明内14丁目14番17号 津久戸町シティ811
5450426,加藤 あすか,石川県南房総市鶴ヶ丘3丁目21番19号
5857409,山下 里佳,福井県多摩市丸の内11丁目19番7号 パレス猿楽町239
1660921,山崎 あすか,千葉県川崎市中原区入谷13丁目4番6号 中川崎アーバン715
0489463,山崎 里佳,鳥取県神津島村明石町38丁目17番6号
7587429,佐藤 くみ子,宮城県いすみ市筑土八幡町9丁目6番12号
9487654,阿部 亮介,岡山県印旛郡本埜村四番町28丁目7番5号 コーポ氏家442
9510975,福田 翔太,三重県山武郡九十九里町氏家31丁目27番10号
6042532,高橋 京助,宮城県香取郡神崎町東和町26丁目21番16号
1939360,井上 真綾,沖縄県東大和市平河町29丁目15番11号 平須賀アーバン037
2209156,鈴木 裕樹,宮城県長生郡長柄町上吉羽12丁目16番4号
7824464,後藤 浩,秋田県江東区百村29丁目27番4号 シティ六番町231
9604080,山本 翔太,長野県品川区上高野12丁目17番8号 虎ノ門虎ノ門ヒルズ森タワーコート007
3998951,山口 京助,神奈川県東村山市虎ノ門20丁目24番17号
2372503,渡辺 あすか,青森県福生市上吉羽30丁目24番17号
9554698,清水 京助,福岡県四街道市丸の内ＪＰタワー14丁目19番8号 千束パーク040
2118507,藤原 浩,愛知県大島町東大和町41丁目18番6号 アーバン戸塚町770
4692859,阿部 直子,神奈川県東大和市白金12丁目12番20号
7385857,中川 治,島根県八王子市上吉羽7丁目22番2号 クレスト東大和町767
9073216,加藤 舞,沖縄県千代田区北上野40丁目20番5号
4851797,佐々木 晃,鳥取県横浜市戸塚区上高野15丁目26番18号 パーク戸塚町847
8590120,松本 英樹,島根県荒川区橋場2丁目5番13号 パレス柿木沢219
2784473,岡本 聡太郎,京都府横浜市栄区入谷10丁目7番15号 コーポ麹町756
1666209,太田 くみ子,熊本県印西市細野22丁目16番20号
1928547,中村 裕美子,福島県香取市高田馬場27丁目10番12号 パレス平須賀347
2894882,渡辺 翼,三重県印旛郡本埜村蟇沼35丁目11番6号
7533141,高橋 晃,長崎県立川市平須賀28丁目25番12号
0463049,松本 幹,石川県北区芝浦38丁目24番3号
5099434,山田 翔太,群馬県印旛郡栄町平須賀17丁目24番8号
4189986,岡田 加奈,神奈川県山武郡芝山町白金34丁目16番2号
3274137,佐藤 美加子,大阪府町田市北青山26丁目9番1号 アーバン北上野197
3932183,清水 治,岐阜県狛江市秋葉原3丁目22番19号
5552643,高橋 直人,長野県横浜市瀬谷区卯の里40丁目11番16号 中三依コーポ224